model,accuracy,macro_f1,balanced_accuracy,train_size,val_size,test_size
logreg,0.4202166064981949,0.4185604718224276,0.46834459459459465,4844,692,1385
rf,0.49169675090252707,0.4896158961616707,0.5222297297297297,4844,692,1385
