,Expert 0,Expert 1,Expert 2,Expert 3
正手抽球,0.675000,0.275000,0.050000,1.000000
反手削球,0.425000,0.325000,1.000000,0.250000
网前吊球,1.000000,0.000000,0.875000,0.125000
高压球,0.000000,1.000000,0.550000,0.450000
