,Expert 0,Expert 1,Expert 2,Expert 3
正手抽球,0.039051,0.040942,0.032435,0.887572
反手削球,0.028564,0.026230,0.920623,0.024583
网前吊球,0.910485,0.027053,0.038646,0.023816
高压球,0.020785,0.925319,0.026116,0.027780
