,Expert 0,Expert 1,Expert 2,Expert 3
正手抽球,0.300000,0.225000,0.475000,1.000000
反手削球,0.350000,0.400000,1.000000,0.250000
网前吊球,1.000000,0.000000,0.975000,0.025000
高压球,0.000000,1.000000,0.725000,0.275000
