,Expert 0,Expert 1,Expert 2,Expert 3
正手抽球,0.040507,0.040918,0.040179,0.878396
反手削球,0.022423,0.023428,0.936623,0.017526
网前吊球,0.884464,0.033293,0.056822,0.025421
高压球,0.018841,0.928745,0.028335,0.024079
