,Expert 0,Expert 1,Expert 2,Expert 3
正手抽球,0.000000,0.125000,0.250000,0.625000
反手削球,0.000000,0.050000,0.950000,0.000000
网前吊球,0.000000,0.050000,0.950000,0.000000
高压球,0.000000,0.500000,0.000000,0.500000
