,Expert 0,Expert 1,Expert 2,Expert 3
正手抽球,0.146554,0.284587,0.271747,0.297112
反手削球,0.150808,0.264384,0.348334,0.236474
网前吊球,0.208954,0.265043,0.320868,0.205135
高压球,0.217467,0.275101,0.236819,0.270612
