{
  "zip_path": "C:\\Users\\13342\\Downloads\\archive (1).zip",
  "target_types": {
    "D": "Dink",
    "HB": "Hand Battle",
    "tsDrp": "3rd Shot Drop",
    "tsDrv": "3rd Shot Drive"
  },
  "raw_target_counts": {
    "Dink": 58769,
    "Hand Battle": 36512,
    "3rd Shot Drop": 19779,
    "3rd Shot Drive": 15479
  },
  "balanced_counts": {
    "Dink": 8000,
    "3rd Shot Drop": 8000,
    "3rd Shot Drive": 8000,
    "Hand Battle": 8000
  },
  "feature_columns": [
    "shot_nbr",
    "loc_x",
    "loc_y",
    "next_loc_x",
    "next_loc_y",
    "delta_x",
    "delta_y",
    "shot_distance",
    "shot_angle",
    "start_dist_to_center",
    "end_dist_to_center",
    "start_dist_to_nvz",
    "end_dist_to_nvz",
    "skill_lvl",
    "scoring_type",
    "ball_type"
  ],
  "method": "scikit-learn Pipeline, non-PyTorch",
  "split_method": "GroupShuffleSplit(match_id)",
  "split_sizes": {
    "train": 22280,
    "val": 3104,
    "test": 6616
  },
  "labels": [
    "3rd Shot Drive",
    "3rd Shot Drop",
    "Dink",
    "Hand Battle"
  ],
  "models": {
    "logreg": {
      "val": {
        "accuracy": 0.7052190721649485,
        "macro_f1": 0.7043985464023955,
        "balanced_accuracy": 0.7050380136028347,
        "classification_report": {
          "3rd Shot Drive": {
            "precision": 0.638235294117647,
            "recall": 0.5695538057742782,
            "f1-score": 0.6019417475728155,
            "support": 762.0
          },
          "3rd Shot Drop": {
            "precision": 0.624,
            "recall": 0.6885245901639344,
            "f1-score": 0.6546762589928058,
            "support": 793.0
          },
          "Dink": {
            "precision": 0.7599502487562189,
            "recall": 0.8060686015831134,
            "f1-score": 0.7823303457106274,
            "support": 758.0
          },
          "Hand Battle": {
            "precision": 0.8026845637583893,
            "recall": 0.7560050568900126,
            "f1-score": 0.7786458333333334,
            "support": 791.0
          },
          "accuracy": 0.7052190721649485,
          "macro avg": {
            "precision": 0.7062175266580639,
            "recall": 0.7050380136028347,
            "f1-score": 0.7043985464023955,
            "support": 3104.0
          },
          "weighted avg": {
            "precision": 0.7062284383401246,
            "recall": 0.7052190721649485,
            "f1-score": 0.7044952130306387,
            "support": 3104.0
          }
        },
        "confusion_matrix": [
          [
            434,
            328,
            0,
            0
          ],
          [
            246,
            546,
            1,
            0
          ],
          [
            0,
            0,
            611,
            147
          ],
          [
            0,
            1,
            192,
            598
          ]
        ],
        "confusion_matrix_normalized": [
          [
            0.5695538057742782,
            0.4304461942257218,
            0.0,
            0.0
          ],
          [
            0.31021437578814626,
            0.6885245901639344,
            0.0012610340479192938,
            0.0
          ],
          [
            0.0,
            0.0,
            0.8060686015831134,
            0.19393139841688653
          ],
          [
            0.0,
            0.0012642225031605564,
            0.2427307206068268,
            0.7560050568900126
          ]
        ]
      },
      "test": {
        "accuracy": 0.6999697702539298,
        "macro_f1": 0.6991286874501758,
        "balanced_accuracy": 0.6996145033256469,
        "classification_report": {
          "3rd Shot Drive": {
            "precision": 0.630145661811273,
            "recall": 0.5954518252543387,
            "f1-score": 0.6123076923076923,
            "support": 1671.0
          },
          "3rd Shot Drop": {
            "precision": 0.6015303119482048,
            "recall": 0.6371571072319202,
            "f1-score": 0.6188313654253709,
            "support": 1604.0
          },
          "Dink": {
            "precision": 0.7608200455580866,
            "recall": 0.8136419001218027,
            "f1-score": 0.7863449087698646,
            "support": 1642.0
          },
          "Hand Battle": {
            "precision": 0.8078381795195955,
            "recall": 0.7522071806945262,
            "f1-score": 0.7790307832977751,
            "support": 1699.0
          },
          "accuracy": 0.6999697702539298,
          "macro avg": {
            "precision": 0.70008354970929,
            "recall": 0.6996145033256469,
            "f1-score": 0.6991286874501758,
            "support": 6616.0
          },
          "weighted avg": {
            "precision": 0.7012714031229941,
            "recall": 0.6999697702539298,
            "f1-score": 0.6998977184116515,
            "support": 6616.0
          }
        },
        "confusion_matrix": [
          [
            995,
            672,
            1,
            3
          ],
          [
            581,
            1022,
            1,
            0
          ],
          [
            1,
            4,
            1336,
            301
          ],
          [
            2,
            1,
            418,
            1278
          ]
        ],
        "confusion_matrix_normalized": [
          [
            0.5954518252543387,
            0.4021543985637343,
            0.0005984440454817474,
            0.0017953321364452424
          ],
          [
            0.3622194513715711,
            0.6371571072319202,
            0.0006234413965087282,
            0.0
          ],
          [
            0.0006090133982947625,
            0.00243605359317905,
            0.8136419001218027,
            0.18331303288672351
          ],
          [
            0.0011771630370806356,
            0.0005885815185403178,
            0.24602707474985286,
            0.7522071806945262
          ]
        ]
      }
    },
    "rf": {
      "val": {
        "accuracy": 0.7371134020618557,
        "macro_f1": 0.7371633129804682,
        "balanced_accuracy": 0.7372274527822206,
        "classification_report": {
          "3rd Shot Drive": {
            "precision": 0.640764331210191,
            "recall": 0.6601049868766404,
            "f1-score": 0.6502908855850033,
            "support": 762.0
          },
          "3rd Shot Drop": {
            "precision": 0.6631989596879063,
            "recall": 0.6431273644388399,
            "f1-score": 0.6530089628681178,
            "support": 793.0
          },
          "Dink": {
            "precision": 0.8241610738255034,
            "recall": 0.8100263852242744,
            "f1-score": 0.8170326014637392,
            "support": 758.0
          },
          "Hand Battle": {
            "precision": 0.8211180124223603,
            "recall": 0.8356510745891277,
            "f1-score": 0.8283208020050126,
            "support": 791.0
          },
          "accuracy": 0.7371134020618557,
          "macro avg": {
            "precision": 0.7373105942864903,
            "recall": 0.7372274527822206,
            "f1-score": 0.7371633129804682,
            "support": 3104.0
          },
          "weighted avg": {
            "precision": 0.737241506830056,
            "recall": 0.7371134020618557,
            "f1-score": 0.7370715942866202,
            "support": 3104.0
          }
        },
        "confusion_matrix": [
          [
            503,
            259,
            0,
            0
          ],
          [
            282,
            510,
            1,
            0
          ],
          [
            0,
            0,
            614,
            144
          ],
          [
            0,
            0,
            130,
            661
          ]
        ],