model,accuracy,macro_f1,balanced_accuracy,train_size,val_size,test_size
logreg,0.6999697702539298,0.6991286874501758,0.6996145033256469,22280,3104,6616
rf,0.7400241837968561,0.7388621589446076,0.7387923483015747,22280,3104,6616
