,Expert 0,Expert 1,Expert 2,Expert 3
正手抽球,0.246133,0.256202,0.231422,0.266243
反手削球,0.233192,0.264389,0.257820,0.244598
网前吊球,0.262937,0.244336,0.271892,0.220835
高压球,0.262072,0.252264,0.230587,0.255077
